{
    "Huber": false,
    "L1": false,
    "batch_size": 10,
    "cuda": true,
    "cutoff": 10.0,
    "datapath": "/user/julia/bin/schnarc_20200129_firstversion/src/test_data/Fulvene.db",
    "diagonal": null,
    "environment_provider": "simple",
    "features": 256,
    "finish": false,
    "interactions": 6,
    "inverse_nacs": true,
    "log": false,
    "log_every_n_epochs": 1,
    "logger": "csv",
    "lr": 0.0001,
    "lr_decay": 0.8,
    "lr_min": 1e-06,
    "lr_patience": 15,
    "max_epochs": 5000,
    "min_loss": true,
    "mode": "train",
    "model": "schnet",
    "modelpath": "Train",
    "n_layers": 3,
    "n_neurons": null,
    "num_gaussians": 25,
    "order": false,
    "overwrite": false,
    "parallel": false,
    "phase_loss": false,
    "real_socs": false,
    "seed": null,
    "split": [
        20000,
        2000
    ],
    "split_path": null,
    "tradeoffs": "tradeoffs.yaml",
    "transfer": null,
    "verbose": false
}